{
  "project_info": {
    "project_number": "1072472604709",
    "project_id": "gestordenotas-1073f",
    "storage_bucket": "gestordenotas-1073f.firebasestorage.app"
  },
  "client": [
    {
      "client_info": {
        "mobilesdk_app_id": "1:1072472604709:android:6a441f0854dea83b313fcc",
        "android_client_info": {
          "package_name": "com.example.gestordenotas"
        }
      },
      "oauth_client": [],
      "api_key": [
        {
          "current_key": "AIzaSyC8G2vIGSSNq2yBZObSoB-uTnbPFjnWIww"
        }
      ],
      "services": {
        "appinvite_service": {
          "other_platform_oauth_client": []
        }
      }
    }
  ],
  "configuration_version": "1"
}